fname,pre
0_0.png,0
0_1.png,0
0_2.png,0
0_3.png,0
0_4.png,0
0_5.png,0
0_6.png,0
100_0.png,100
100_1.png,100
100_2.png,100
100_3.png,100
100_4.png,100
101_0.png,101
101_1.png,101
101_2.png,101
101_3.png,101
101_4.png,101
101_5.png,101
101_6.png,101
101_7.png,101
102_0.png,102
102_1.png,102
102_2.png,102
102_3.png,102
102_4.png,102
103_0.png,103
103_1.png,103
103_2.png,103
103_3.png,103
103_4.png,103
103_5.png,103
104_0.png,104
104_1.png,104
104_2.png,104
104_3.png,104
104_4.png,104
104_5.png,104
104_6.png,104
105_0.png,105
105_1.png,105
105_2.png,105
105_3.png,105
105_4.png,105
105_5.png,105
105_6.png,105
105_7.png,105
105_8.png,105
106_0.png,106
106_1.png,106
106_2.png,106
106_3.png,106
106_4.png,106
106_5.png,106
107_0.png,107
107_1.png,107
107_2.png,107
107_3.png,107
107_4.png,107
107_5.png,107
107_6.png,107
107_7.png,107
107_8.png,107
108_0.png,108
108_1.png,108
108_2.png,108
108_3.png,108
108_4.png,108
108_5.png,108
108_6.png,108
108_7.png,108
109_0.png,109
109_1.png,109
109_2.png,109
109_3.png,109
109_4.png,109
109_5.png,109
109_6.png,109
110_0.png,110
110_1.png,110
110_2.png,110
110_3.png,110
110_4.png,110
110_5.png,110
111_0.png,111
111_1.png,111
111_2.png,111
111_3.png,111
111_4.png,111
111_5.png,111
112_0.png,112
112_1.png,112
112_2.png,112
112_3.png,112
112_4.png,112
112_5.png,112
112_6.png,112
112_7.png,112
113_0.png,113
113_1.png,113
113_2.png,113
113_3.png,113
113_4.png,113
113_5.png,113
113_6.png,113
114_0.png,114
114_1.png,114
114_2.png,114
114_3.png,114
114_4.png,114
114_5.png,114
114_6.png,114
115_0.png,115
115_1.png,115
115_2.png,115
115_3.png,115
115_4.png,115
115_5.png,115
115_6.png,115
115_7.png,115
116_0.png,116
116_1.png,116
116_2.png,116
116_3.png,116
116_4.png,116
116_5.png,116
117_0.png,117
117_1.png,117
117_2.png,117
117_3.png,117
117_4.png,117
117_5.png,117
117_6.png,117
117_7.png,117
118_0.png,118
118_1.png,118
118_2.png,118
118_3.png,118
118_4.png,118
118_5.png,118
118_6.png,118
118_7.png,118
119_0.png,119
119_1.png,119
119_2.png,119
119_3.png,119
119_4.png,119
119_5.png,119
11_0.png,11
11_1.png,11
11_2.png,11
11_3.png,11
11_4.png,11
11_5.png,11
11_6.png,11
120_0.png,120
120_1.png,120
120_2.png,120
120_3.png,120
120_4.png,120
120_5.png,120
120_6.png,120
121_0.png,121
121_1.png,121
121_2.png,121
121_3.png,121
121_4.png,121
121_5.png,121
121_6.png,121
121_7.png,121
121_8.png,121
122_0.png,122
122_1.png,122
122_2.png,122
122_3.png,122
122_4.png,122
122_5.png,122
122_6.png,122
122_7.png,122
123_0.png,123
123_1.png,123
123_2.png,123
123_3.png,123
123_4.png,123
123_5.png,123
123_6.png,123
123_7.png,123
124_0.png,124
124_1.png,124
124_2.png,124
124_3.png,124
124_4.png,124
124_5.png,124
125_0.png,125
125_1.png,125
125_2.png,125
125_3.png,125
126_0.png,126
126_1.png,126
126_2.png,126
126_3.png,126
126_4.png,126
126_5.png,126
127_0.png,127
127_1.png,127
127_2.png,127
127_3.png,127
127_4.png,127
128_0.png,128
128_1.png,128
128_2.png,128
128_3.png,128
128_4.png,128
128_5.png,128
128_6.png,128
129_0.png,129
129_1.png,129
129_2.png,129
129_3.png,129
129_4.png,129
129_5.png,129
129_6.png,129
129_7.png,129
129_8.png,129
129_9.png,129
12_0.png,12
12_1.png,12
12_2.png,12
12_3.png,12
130_0.png,130
130_1.png,130
130_2.png,130
130_3.png,130
130_4.png,130
130_5.png,130
130_6.png,130
130_7.png,130
130_8.png,130
131_0.png,131
131_1.png,131
131_2.png,131
131_3.png,131
131_4.png,131
131_5.png,131
131_6.png,131
131_7.png,131
131_8.png,131
131_9.png,131
132_0.png,132
132_1.png,132
132_2.png,132
132_3.png,132
132_4.png,132
132_5.png,132
132_6.png,132
132_7.png,132
133_0.png,133
133_1.png,133
133_2.png,133
133_3.png,133
133_4.png,133
133_5.png,133
133_6.png,133
133_7.png,133
133_8.png,133
134_0.png,134
134_1.png,134
134_2.png,134
134_3.png,134
134_4.png,134
135_0.png,135
135_1.png,135
135_2.png,135
135_3.png,135
135_4.png,135
135_5.png,135
136_0.png,136
136_1.png,136
136_2.png,136
136_3.png,136
136_4.png,136
136_5.png,136
137_0.png,137
137_1.png,137
137_2.png,137
137_3.png,137
137_4.png,137
137_5.png,137
137_6.png,137
138_0.png,138
138_1.png,138
138_2.png,138
138_3.png,138
138_4.png,138
138_5.png,138
138_6.png,138
138_7.png,138
139_0.png,139
139_1.png,139
139_2.png,139
139_3.png,139
139_4.png,139
140_0.png,140
140_1.png,140
140_2.png,140
140_3.png,140
140_4.png,140
140_5.png,140
140_6.png,140
141_0.png,141
141_1.png,141
141_2.png,141
141_3.png,141
141_4.png,141
141_5.png,141
141_6.png,141
142_0.png,142
142_1.png,142
142_10.png,142
142_2.png,142
142_3.png,142
142_4.png,142
142_5.png,142
142_6.png,142
142_7.png,142
142_8.png,142
142_9.png,142
143_0.png,143
143_1.png,143
143_10.png,143
143_11.png,143
143_12.png,143
143_2.png,143
143_3.png,143
143_4.png,143
143_5.png,143
143_6.png,143
143_7.png,143
143_8.png,143
143_9.png,143
144_0.png,144
144_1.png,144
144_2.png,144
144_3.png,144
144_4.png,144
144_5.png,144
144_6.png,144
145_0.png,145
145_1.png,145
145_2.png,145
145_3.png,145
145_4.png,145
145_5.png,145
146_0.png,146
146_1.png,146
146_2.png,146
146_3.png,146
146_4.png,146
146_5.png,146
146_6.png,146
147_0.png,147
147_1.png,147
147_2.png,147
147_3.png,147
147_4.png,147
147_5.png,147
147_6.png,147
148-1_0.png,148-1
148-1_1.png,148-1
148-1_2.png,148-1
148-1_3.png,148-1
148-1_4.png,148-1
148-1_5.png,148-1
148-1_6.png,148-1
148-1_7.png,148-1
149_0.png,149
149_1.png,149
149_10.png,149
149_2.png,149
149_3.png,149
149_4.png,149
149_5.png,149
149_6.png,149
149_7.png,149
149_8.png,149
149_9.png,149
150_0.png,150
150_1.png,150
150_2.png,150
150_3.png,150
150_4.png,150
150_5.png,150
150_6.png,150
150_7.png,150
151_0.png,151
151_1.png,151
151_2.png,151
151_3.png,151
151_4.png,151
151_5.png,151
151_6.png,151
152_0.png,152
152_1.png,152
152_2.png,152
152_3.png,152
152_4.png,152
152_5.png,152
152_6.png,152
152_7.png,152
153_0.png,153
153_1.png,153
153_2.png,153
153_3.png,153
153_4.png,153
153_5.png,153
153_6.png,153
153_7.png,153
153_8.png,153
153_9.png,153
154_0.png,154
154_1.png,154
154_2.png,154
154_3.png,154
154_4.png,154
154_5.png,154
154_6.png,154
154_7.png,154
154_8.png,154
154_9.png,154
155_0.png,155
155_1.png,155
155_2.png,155
155_3.png,155
155_4.png,155
155_5.png,155
155_6.png,155
155_7.png,155
156_0.png,156
156_1.png,156
156_2.png,156
156_3.png,156
157_0.png,157
157_1.png,157
157_2.png,157
157_3.png,157
158_0.png,158
158_1.png,158
158_10.png,158
158_11.png,158
158_12.png,158
158_13.png,158
158_14.png,158
158_15.png,158
158_16.png,158
158_2.png,158
158_3.png,158
158_4.png,158
158_5.png,158
158_6.png,158
158_7.png,158
158_8.png,158
158_9.png,158
159_0.png,159
159_1.png,159
159_10.png,159
159_11.png,159
159_12.png,159
159_2.png,159
159_3.png,159
159_4.png,159
159_5.png,159
159_6.png,159
159_7.png,159
159_8.png,159
159_9.png,159
160_0.png,160
160_1.png,160
160_2.png,160
160_3.png,160
160_4.png,160
160_5.png,160
160_6.png,160
160_7.png,160
161_0.png,161
161_1.png,161
161_2.png,161
161_3.png,161
161_4.png,161
161_5.png,161
161_6.png,161
161_7.png,161
161_8.png,161
161_9.png,161
163-2_0.png,163-2
163-2_1.png,163-2
163-2_2.png,163-2
163-2_3.png,163-2
163_0.png,163
163_1.png,163
163_2.png,163
163_3.png,163
163_4.png,163
164_0.png,164
164_1.png,164
164_2.png,164
164_3.png,164
165_0.png,165
165_1.png,165
165_2.png,165
167_0.png,167
167_1.png,167
168_0.png,168
169_0.png,169
169_1.png,169
16_0.png,16
16_1.png,16
16_2.png,16
16_3.png,16
16_4.png,16
16_5.png,16
170_0.png,170
170_1.png,170
170_2.png,170
172_0.png,172
172_1.png,172
172_2.png,172
172_3.png,172
178_0.png,178
178_1.png,178
178_2.png,178
178_3.png,178
17_0.png,17
17_1.png,17
17_2.png,17
180_0.png,180
180_1.png,180
180_2.png,180
180_3.png,180
180_4.png,180
180_5.png,180
181_0.png,181
181_1.png,181
181_2.png,181
181_3.png,181
181_4.png,181
182_0.png,182
182_1.png,182
182_2.png,182
183_0.png,183
183_1.png,183
183_2.png,183
183_3.png,183
184_0.png,184
184_1.png,184
184_2.png,184
184_3.png,184
184_4.png,184
185_0.png,185
185_1.png,185
185_2.png,185
185_3.png,185
185_4.png,185
185_5.png,185
186_0.png,186
186_1.png,186
186_2.png,186
186_3.png,186
186_4.png,186
186_5.png,186
186_6.png,186
187_0.png,187
187_1.png,187
187_2.png,187
187_3.png,187
187_4.png,187
187_5.png,187
187_6.png,187
187_7.png,187
187_8.png,187
187_9.png,187
188_0.png,188
188_1.png,188
188_2.png,188
188_3.png,188
188_4.png,188
188_5.png,188
189_0.png,189
189_1.png,189
189_2.png,189
189_3.png,189
189_4.png,189
189_5.png,189
189_6.png,189
189_7.png,189
18_0.png,18
18_1.png,18
18_2.png,18
18_3.png,18
18_4.png,18
18_5.png,18
190_0.png,190
190_1.png,190
190_2.png,190
190_3.png,190
190_4.png,190
191_0.png,191
191_1.png,191
191_2.png,191
191_3.png,191
191_4.png,191
191_5.png,191
192_0.png,192
192_1.png,192
192_2.png,192
192_3.png,192
192_4.png,192
192_5.png,192
192_6.png,192
192_7.png,192
193_0.png,193
193_1.png,193
193_2.png,193
193_3.png,193
193_4.png,193
193_5.png,193
194_0.png,194
194_1.png,194
194_2.png,194
194_3.png,194
194_4.png,194
194_5.png,194
194_6.png,194
194_7.png,194
195-2_0.png,195-2
195-2_1.png,195-2
195-2_2.png,195-2
195_0.png,195
195_1.png,195
195_2.png,195
195_3.png,195
195_4.png,195
195_5.png,195
196_0.png,196
196_1.png,196
196_2.png,196
196_3.png,196
196_4.png,196
196_5.png,196
197_0.png,197
197_1.png,197
197_2.png,197
197_3.png,197
197_4.png,197
197_5.png,197
198_0.png,198
198_1.png,198
198_2.png,198
198_3.png,198
198_4.png,198
198_5.png,198
199_0.png,199
199_1.png,199
199_2.png,199
199_3.png,199
199_4.png,199
199_5.png,199
199_6.png,199
199_7.png,199
19_0.png,19
19_1.png,19
19_2.png,19
19_3.png,19
19_4.png,19
19_5.png,19
1_0.png,1
1_1.png,1
1_2.png,1
1_3.png,1
1_4.png,1
1_5.png,1
1_6.png,1
1_7.png,1
200_0.png,200
200_1.png,200
200_2.png,200
200_3.png,200
200_4.png,200
200_5.png,200
202_0.png,202
202_1.png,202
202_2.png,202
202_3.png,202
202_4.png,202
204_0.png,204
204_1.png,204
204_2.png,204
204_3.png,204
204_4.png,204
204_5.png,204
204_6.png,204
205_0.png,205
205_1.png,205
205_2.png,205
205_3.png,205
205_4.png,205
206_0.png,206
206_1.png,206
206_2.png,206
206_3.png,206
206_4.png,206
206_5.png,206
206_6.png,206
207_0.png,207
207_1.png,207
207_2.png,207
207_3.png,207
207_4.png,207
207_5.png,207
207_6.png,207
207_7.png,207
208_0.png,208
208_1.png,208
208_2.png,208
208_3.png,208
208_4.png,208
208_5.png,208
209_0.png,209
209_1.png,209
209_2.png,209
209_3.png,209
209_4.png,209
209_5.png,209
209_6.png,209
209_7.png,209
20_0.png,20
20_1.png,20
20_2.png,20
20_3.png,20
20_4.png,20
210_0.png,210
210_1.png,210
210_2.png,210
210_3.png,210
210_4.png,210
210_5.png,210
210_6.png,210
212_0.png,212
212_1.png,212
212_2.png,212
212_3.png,212
212_4.png,212
212_5.png,212
213_0.png,213
213_1.png,213
213_2.png,213
213_3.png,213
213_4.png,213
213_5.png,213
213_6.png,213
213_7.png,213
214_0.png,214
214_1.png,214
214_2.png,214
214_3.png,214
214_4.png,214
215_0.png,215
215_1.png,215
215_2.png,215
215_3.png,215
215_4.png,215
215_5.png,215
215_6.png,215
215_7.png,215
216_0.png,216
216_1.png,216
216_2.png,216
216_3.png,216
216_4.png,216
216_5.png,216
216_6.png,216
216_7.png,216
217_0.png,217
217_1.png,217
217_2.png,217
217_3.png,217
217_4.png,217
218_0.png,218
218_1.png,218
218_2.png,218
218_3.png,218
218_4.png,218
218_5.png,218
218_6.png,218
218_7.png,218
219_0.png,219
219_1.png,219
219_2.png,219
219_3.png,219
219_4.png,219
219_5.png,219
219_6.png,219
219_7.png,219
21_0.png,21
21_1.png,21
21_2.png,21
21_3.png,21
21_4.png,21
21_5.png,21
21_6.png,21
220_0.png,220
220_1.png,220
220_2.png,220
220_3.png,220
220_4.png,220
220_5.png,220
220_6.png,220
220_7.png,220
222_0.png,222
222_1.png,222
222_2.png,222
222_3.png,222
222_4.png,222
222_5.png,222
222_6.png,222
222_7.png,222
223_0.png,223
223_1.png,223
223_2.png,223
223_3.png,223
223_4.png,223
223_5.png,223
224_0.png,224
224_1.png,224
224_2.png,224
224_3.png,224
224_4.png,224
224_5.png,224
225_0.png,225
225_1.png,225
225_2.png,225
225_3.png,225
225_4.png,225
225_5.png,225
225_6.png,225
225_7.png,225
226_0.png,226
226_1.png,226
226_2.png,226
226_3.png,226
226_4.png,226
227_0.png,227
227_1.png,227
227_2.png,227
227_3.png,227
227_4.png,227
227_5.png,227
227_6.png,227
227_7.png,227
227_8.png,227
228_0.png,228
228_1.png,228
228_2.png,228
228_3.png,228
228_4.png,228
228_5.png,228
228_6.png,228
229_0.png,229
229_1.png,229
229_2.png,229
229_3.png,229
229_4.png,229
229_5.png,229
22_0.png,22
22_1.png,22
22_2.png,22
22_3.png,22
22_4.png,22
22_5.png,22
22_6.png,22
22_7.png,22
230_0.png,230
230_1.png,230
230_2.png,230
230_3.png,230
230_4.png,230
230_5.png,230
231_0.png,231
231_1.png,231
231_2.png,231
231_3.png,231
231_4.png,231
232_0.png,232
232_1.png,232
232_2.png,232
232_3.png,232
232_4.png,232
232_5.png,232
233_0.png,233
233_1.png,233
233_2.png,233
233_3.png,233
233_4.png,233
234_0.png,234
234_1.png,234
234_2.png,234
234_3.png,234
234_4.png,234
234_5.png,234
234_6.png,234
234_7.png,234
235_0.png,235
235_1.png,235
235_2.png,235
235_3.png,235
236_0.png,236
236_1.png,236
236_2.png,236
236_3.png,236
236_4.png,236
237_0.png,237
237_1.png,237
237_2.png,237
237_3.png,237
237_4.png,237
237_5.png,237
237_6.png,237
238_0.png,238
238_1.png,238
238_2.png,238
238_3.png,238
238_4.png,238
239_0.png,239
239_1.png,239
239_2.png,239
239_3.png,239
239_4.png,239
239_5.png,239
239_6.png,239
239_7.png,239
23_0.png,23
23_1.png,23
23_2.png,23
23_3.png,23
23_4.png,23
23_5.png,23
240_0.png,240
240_1.png,240
240_2.png,240
240_3.png,240
240_4.png,240
240_5.png,240
240_6.png,240
240_7.png,240
241_0.png,241
241_1.png,241
241_2.png,241
241_3.png,241
241_4.png,241
241_5.png,241
241_6.png,241
241_7.png,241
242_0.png,242
242_1.png,242
242_2.png,242
242_3.png,242
242_4.png,242
242_5.png,242
242_6.png,242
242_7.png,242
243-1_0.png,243-1
243-1_1.png,243-1
243-1_2.png,243-1
243-1_3.png,243-1
243-1_4.png,243-1
243-1_5.png,243-1
243-1_6.png,243-1
243-1_7.png,243-1
244-1_0.png,244-1
244-1_1.png,244-1
244-1_2.png,244-1
244-1_3.png,244-1
244-1_4.png,244-1
245_0.png,245
245_1.png,245
245_2.png,245
245_3.png,245
245_4.png,245
245_5.png,245
245_6.png,245
246-1_0.png,246-1
246-1_1.png,246-1
246-1_2.png,246-1
246-1_3.png,246-1
246-1_4.png,246-1
246-1_5.png,246-1
247_0.png,247
247_1.png,247
247_2.png,247
247_3.png,247
247_4.png,247
247_5.png,247
247_6.png,247
248_0.png,248
248_1.png,248
248_2.png,248
248_3.png,248
248_4.png,248
248_5.png,248
249_0.png,249
249_1.png,249
249_2.png,249
249_3.png,249
249_4.png,249
249_5.png,249
249_6.png,249
249_7.png,249
249_8.png,249
24_0.png,24
24_1.png,24
24_2.png,24
24_3.png,24
250_0.png,250
250_1.png,250
250_2.png,250
250_3.png,250
250_4.png,250
250_5.png,250
250_6.png,250
250_7.png,250
250_8.png,250
250_9.png,250
251_0.png,251
251_1.png,251
251_2.png,251
251_3.png,251
251_4.png,251
251_5.png,251
251_6.png,251
252_0.png,252
252_1.png,252
252_2.png,252
252_3.png,252
252_4.png,252
252_5.png,252
252_6.png,252
252_7.png,252
252_8.png,252
253_0.png,253
253_1.png,253
253_2.png,253
253_3.png,253
253_4.png,253
254_0.png,254
254_1.png,254
254_2.png,254
254_3.png,254
254_4.png,254
254_5.png,254
255_0.png,255
255_1.png,255
255_2.png,255
255_3.png,255
255_4.png,255
255_5.png,255
255_6.png,255
256_0.png,256
256_1.png,256
256_2.png,256
256_3.png,256
256_4.png,256
256_5.png,256
256_6.png,256
257_0.png,257
257_1.png,257
257_2.png,257
257_3.png,257
257_4.png,257
257_5.png,257
257_6.png,257
258_0.png,258
258_1.png,258
258_2.png,258
258_3.png,258
258_4.png,258
258_5.png,258
259_0.png,259
259_1.png,259
259_2.png,259
259_3.png,259
25_0.png,25
25_1.png,25
25_2.png,25
25_3.png,25
25_4.png,25
25_5.png,25
25_6.png,25
260_0.png,260
260_1.png,260
260_2.png,260
260_3.png,260
260_4.png,260
260_5.png,260
260_6.png,260
260_7.png,260
261_0.png,261
261_1.png,261
261_2.png,261
261_3.png,261
261_4.png,261
261_5.png,261
262_0.png,262
262_1.png,262
262_2.png,262
262_3.png,262
262_4.png,262
262_5.png,262
263_0.png,263
263_1.png,263
263_2.png,263
263_3.png,263
263_4.png,263
263_5.png,263
264_0.png,264
264_1.png,264
264_2.png,264
264_3.png,264
264_4.png,264
264_5.png,264
264_6.png,264
265_0.png,265
265_1.png,265
265_2.png,265
265_3.png,265
265_4.png,265
265_5.png,265
265_6.png,265
26_0.png,26
26_1.png,26
26_2.png,26
26_3.png,26
26_4.png,26
26_5.png,26
26_6.png,26
26_7.png,26
27_0.png,27
27_1.png,27
27_2.png,27
27_3.png,27
27_4.png,27
27_5.png,27
27_6.png,27
28_0.png,28
28_1.png,28
28_2.png,28
28_3.png,28
28_4.png,28
28_5.png,28
29_0.png,29
29_1.png,29
29_2.png,29
29_3.png,29
29_4.png,29
29_5.png,29
29_6.png,29
29_7.png,29
29_8.png,29
29_9.png,29
2_0.png,2
2_1.png,2
2_2.png,2
2_3.png,2
2_4.png,2
31_0.png,31
31_1.png,31
31_2.png,31
31_3.png,31
31_4.png,31
31_5.png,31
31_6.png,31
31_7.png,31
32_0.png,32
32_1.png,32
32_2.png,32
32_3.png,32
32_4.png,32
32_5.png,32
32_6.png,32
33_0.png,33
33_1.png,33
33_2.png,33
33_3.png,33
33_4.png,33
34-1_0.png,34-1
34-1_1.png,34-1
34-1_2.png,34-1
34-1_3.png,34-1
34-2_0.png,34-2
34-2_1.png,34-2
34-2_2.png,34-2
34-2_3.png,34-2
34-2_4.png,34-2
34-2_5.png,34-2
35-2_0.png,35-2
35-2_1.png,35-2
35-2_2.png,35-2
35-2_3.png,35-2
35-2_4.png,35-2
35_0.png,35
35_1.png,35
35_2.png,35
35_3.png,35
35_4.png,35
36_0.png,36
36_1.png,36
36_2.png,36
36_3.png,36
36_4.png,36
36_5.png,36
37_0.png,37
37_1.png,37
37_2.png,37
37_3.png,37
37_4.png,37
38_0.png,38
38_1.png,38
38_2.png,38
38_3.png,38
38_4.png,38
38_5.png,38
39-2_0.png,39-2
39-2_1.png,39-2
39-2_2.png,39-2
39-2_3.png,39-2
39-2_4.png,39-2
39-2_5.png,39-2
39-2_6.png,39-2
3_0.png,3
3_1.png,3
3_2.png,3
3_3.png,3
3_4.png,3
3_5.png,3
40_0.png,40
40_1.png,40
40_2.png,40
40_3.png,40
40_4.png,40
40_5.png,40
41_0.png,41
41_1.png,41
41_2.png,41
41_3.png,41
41_4.png,41
42_0.png,42
42_1.png,42
42_2.png,42
42_3.png,42
42_4.png,42
42_5.png,42
43_0.png,43
43_1.png,43
43_2.png,43
43_3.png,43
43_4.png,43
44-1_0.png,44-1
44-1_1.png,44-1
44-1_2.png,44-1
44-1_3.png,44-1
44-1_4.png,44-1
44-2_0.png,44-2
44-2_1.png,44-2
44-2_2.png,44-2
45_0.png,45
45_1.png,45
45_2.png,45
45_3.png,45
45_4.png,45
46-1_0.png,46-1
46-1_1.png,46-1
46-1_2.png,46-1
46-1_3.png,46-1
46-1_4.png,46-1
46-1_5.png,46-1
46-1_6.png,46-1
47_0.png,47
47_1.png,47
47_2.png,47
47_3.png,47
47_4.png,47
47_5.png,47
47_6.png,47
47_7.png,47
47_8.png,47
48_0.png,48
48_1.png,48
48_2.png,48
48_3.png,48
48_4.png,48
48_5.png,48
49_0.png,49
49_1.png,49
49_2.png,49
49_3.png,49
49_4.png,49
49_5.png,49
4_0.png,4
4_1.png,4
4_2.png,4
4_3.png,4
4_4.png,4
4_5.png,4
50_0.png,50
50_1.png,50
50_2.png,50
50_3.png,50
50_4.png,50
51_0.png,51
51_1.png,51
51_2.png,51
51_3.png,51
51_4.png,51
51_5.png,51
51_6.png,51
51_7.png,51
52_0.png,52
52_1.png,52
52_2.png,52
52_3.png,52
52_4.png,52
52_5.png,52
53_0.png,53
53_1.png,53
53_2.png,53
53_3.png,53
53_4.png,53
54_0.png,54
54_1.png,54
54_2.png,54
54_3.png,54
54_4.png,54
55_0.png,55
55_1.png,55
55_2.png,55
55_3.png,55
55_4.png,55
55_5.png,55
57_0.png,57
57_1.png,57
57_2.png,57
57_3.png,57
57_4.png,57
57_5.png,57
57_6.png,57
58_0.png,58
58_1.png,58
58_2.png,58
58_3.png,58
58_4.png,58
58_5.png,58
58_6.png,58
59_0.png,59
59_1.png,59
59_2.png,59
59_3.png,59
59_4.png,59
59_5.png,59
5_0.png,5
5_1.png,5
5_2.png,5
5_3.png,5
5_4.png,5
5_5.png,5
60_0.png,60
60_1.png,60
60_2.png,60
60_3.png,60
60_4.png,60
60_5.png,60
60_6.png,60
61_0.png,61
61_1.png,61
61_2.png,61
61_3.png,61
61_4.png,61
61_5.png,61
61_6.png,61
61_7.png,61
61_8.png,61
61_9.png,61
62_0.png,62
62_1.png,62
62_2.png,62
62_3.png,62
62_4.png,62
62_5.png,62
63_0.png,63
63_1.png,63
63_10.png,63
63_2.png,63
63_3.png,63
63_4.png,63
63_5.png,63
63_6.png,63
63_7.png,63
63_8.png,63
63_9.png,63
64_0.png,64
64_1.png,64
64_2.png,64
64_3.png,64
64_4.png,64
64_5.png,64
64_6.png,64
64_7.png,64
64_8.png,64
64_9.png,64
65_0.png,65
65_1.png,65
65_2.png,65
65_3.png,65
65_4.png,65
65_5.png,65
65_6.png,65
65_7.png,65
66_0.png,66
66_1.png,66
66_2.png,66
66_3.png,66
66_4.png,66
66_5.png,66
66_6.png,66
66_7.png,66
67_0.png,67
67_1.png,67
67_2.png,67
67_3.png,67
67_4.png,67
67_5.png,67
67_6.png,67
68_0.png,68
68_1.png,68
68_2.png,68
68_3.png,68
68_4.png,68
68_5.png,68
69_0.png,69
69_1.png,69
69_2.png,69
69_3.png,69
69_4.png,69
69_5.png,69
70_0.png,70
70_1.png,70
70_2.png,70
70_3.png,70
71_0.png,71
71_1.png,71
71_2.png,71
72_0.png,72
72_1.png,72
72_2.png,72
74_0.png,74
74_1.png,74
74_2.png,74
74_3.png,74
74_4.png,74
74_5.png,74
75_0.png,75
75_1.png,75
75_2.png,75
75_3.png,75
75_4.png,75
75_5.png,75
75_6.png,75
75_7.png,75
75_8.png,75
75_9.png,75
76_0.png,76
76_1.png,76
76_2.png,76
76_3.png,76
76_4.png,76
76_5.png,76
76_6.png,76
76_7.png,76
77_0.png,77
77_1.png,77
77_2.png,77
77_3.png,77
77_4.png,77
77_5.png,77
78_0.png,78
78_1.png,78
78_2.png,78
78_3.png,78
78_4.png,78
79_0.png,79
79_1.png,79
79_2.png,79
79_3.png,79
79_4.png,79
79_5.png,79
79_6.png,79
79_7.png,79
79_8.png,79
7_0.png,7
7_1.png,7
7_2.png,7
7_3.png,7
7_4.png,7
80_0.png,80
80_1.png,80
80_2.png,80
80_3.png,80
80_4.png,80
80_5.png,80
81_0.png,81
81_1.png,81
81_2.png,81
81_3.png,81
82_0.png,82
82_1.png,82
82_2.png,82
82_3.png,82
82_4.png,82
82_5.png,82
82_6.png,82
83_0.png,83
83_1.png,83
83_2.png,83
83_3.png,83
83_4.png,83
83_5.png,83
84_0.png,84
84_1.png,84
84_2.png,84
84_3.png,84
84_4.png,84
84_5.png,84
84_6.png,84
85_0.png,85
85_1.png,85
85_2.png,85
85_3.png,85
85_4.png,85
85_5.png,85
85_6.png,85
86_0.png,86
86_1.png,86
86_2.png,86
86_3.png,86
86_4.png,86
86_5.png,86
86_6.png,86
86_7.png,86
87_0.png,87
87_1.png,87
87_2.png,87
87_3.png,87
87_4.png,87
87_5.png,87
87_6.png,87
87_7.png,87
89_0.png,89
89_1.png,89
89_2.png,89
89_3.png,89
89_4.png,89
89_5.png,89
89_6.png,89
8_0.png,8
8_1.png,8
8_2.png,8
8_3.png,8
8_4.png,8
8_5.png,8
90_0.png,90
90_1.png,90
90_2.png,90
90_3.png,90
90_4.png,90
90_5.png,90
91_0.png,91
91_1.png,91
91_2.png,91
91_3.png,91
91_4.png,91
91_5.png,91
92_0.png,92
92_1.png,92
92_2.png,92
92_3.png,92
92_4.png,92
93_0.png,93
93_1.png,93
93_2.png,93
93_3.png,93
93_4.png,93
93_5.png,93
94_0.png,94
94_1.png,94
94_2.png,94
94_3.png,94
94_4.png,94
94_5.png,94
94_6.png,94
95_0.png,95
95_1.png,95
95_2.png,95
95_3.png,95
95_4.png,95
95_5.png,95
96_0.png,96
96_1.png,96
96_2.png,96
96_3.png,96
96_4.png,96
96_5.png,96
97_0.png,97
97_1.png,97
97_2.png,97
97_3.png,97
97_4.png,97
97_5.png,97
99_0.png,99
99_1.png,99
99_2.png,99
99_3.png,99
99_4.png,99
99_5.png,99
9_0.png,9
9_1.png,9
9_2.png,9
9_3.png,9
9_4.png,9
9_5.png,9
9_6.png,9
